index,split
96536,train
14998,train
356802,train
127158,train
416430,train
321290,train
194364,train
324783,train
146257,train
32157,train
211684,train
464325,train
142762,train
413620,train
90412,train
148476,train
219257,train
412528,train
53798,train
210666,train
32587,train
38110,train
208921,train
258039,train
326782,train
28942,train
60785,train
97069,train
427718,train
433545,train
61728,train
406664,train
360694,train
69422,train
76982,train
60777,train
262974,train
138768,train
125561,train
359563,train
183735,train
372993,train
51027,train
378262,train
174135,train
136540,train
13277,train
378367,train
395863,train
382885,train
81366,train
374706,train
239671,train
5791,train
168769,train
148527,train
137934,train
156723,train
275522,train
239586,train
148548,train
85549,train
6023,train
142822,train
106845,train
99002,train
151591,train
88903,train
375552,train
373179,train
277125,train
152345,train
101731,train
44354,train
89337,train
137573,train
63834,train
373661,train
372684,train
409150,train
9386,train
58589,train
249118,train
86425,train
50718,train
254391,train
386380,train
172451,train
413684,train
112564,train
183809,train
86414,train
23484,train
395410,train
112647,train
184673,train
156713,train
153734,train
60638,train
268968,train
168688,train
41979,train
26275,train
147163,train
45065,train
91041,train
399506,train
356479,train
41750,train
166934,train
213698,train
388286,train
358405,train
8528,train
98385,train
271947,train
185733,train
354999,train
239664,train
859,train
65498,train
374887,train
41053,train
148525,train
29503,train
371786,train
29437,train
43779,train
91907,train
119907,train
161924,train
15355,train
163115,train
148502,train
360063,train
199492,train
268268,train
418458,train
151285,train
128673,train
50946,train
97228,train
120667,train
334088,train
156701,train
150546,train
142860,train
105362,train
62479,train
429075,train
332318,train
158772,train
40028,train
333405,train
354188,train
42965,train
158746,train
55962,train
12911,train
114079,train
105584,train
379260,train
159401,train
78877,train
20694,train
76418,train
64096,train
373875,train
335764,train
270918,train
173889,train
87633,train
186335,train
142479,train
131107,train
382798,train
156795,train
74325,train
202898,train
86423,train
178849,train
39388,train
42826,train
374802,train
69877,train
57488,train
119876,train
139094,train
210835,train
167619,train
387957,train
382501,train
212703,train
153606,train
40902,train
216283,train
200900,train
262233,train
14854,train
41709,train
54771,train
410868,train
140519,train
191912,train
275367,train
28680,train
148479,train
113277,train
64828,train
236545,train
77742,train
249094,train
187809,train
20458,train
236786,train
45917,train
23098,train
57147,train
216915,train
247575,train
76299,train
52191,train
11586,train
46237,train
10722,train
265180,train
89385,train
38623,train
165048,train
20084,train
115567,train
156885,train
372423,train
95389,train
111015,train
374847,train
373882,train
249049,train
241498,train
34530,train
117890,train
67872,train
127282,train
415426,train
323702,train
61783,train
432113,train
251835,train
357903,train
43259,train
276217,train
240280,train
245197,train
152904,train
151981,train
383635,train
338258,train
11627,train
148565,train
246563,train
52159,train
61763,train
423344,train
247314,train
3418,train
209,train
22952,train
764,train
388057,train
137628,train
235418,train
137908,train
30152,train
418366,train
219488,train
29916,train
2766,train
413550,train
120597,train
57598,train
2970,train
128840,train
197866,train
5624,train
167455,train
363684,train
23078,train
86094,train
73282,train
164803,train
144133,train
86438,train
374934,train
58272,train
117940,train
92889,train
277608,train
161359,train
151260,train
173605,train
145749,train
16598,train
233617,train
105386,train
38105,train
345,train
324057,train
64290,train
60801,train
42348,train
386354,train
49235,train
29142,train
137444,train
50788,train
10925,train
161681,train
248480,train
44649,train
66363,train
359274,train
114115,train
360620,train
41981,train
44627,train
152606,train
80706,train
114419,train
152594,train
72240,train
156705,train
102403,train
411917,train
248856,train
39176,train
188367,train
8434,train
336592,train
252502,train
20642,train
372776,train
148509,train
5180,train
15641,train
386608,train
37336,train
199037,train
348873,train
148562,train
10802,train
333421,train
32493,train
246840,train
153790,train
13908,train
23496,train
50178,train
37182,train
157195,train
323083,train
237958,train
236509,train
401605,train
241500,train
332600,train
355102,train
3742,train
19161,train
157374,train
142682,train
413874,train
57322,train
59973,train
29221,train
20539,train
88470,train
221532,train
413619,train
76904,train
382848,train
270133,train
119375,train
143868,train
127338,train
56033,train
125125,train
116820,train
124276,train
239862,train
170448,train
166322,train
2890,train
85135,train
118748,train
319234,train
186475,train
83116,train
102533,train
107141,train
36400,train
150404,train
41102,train
121222,train
327843,train
180295,train
30941,train
157642,train
58124,train
109126,train
28586,train
339651,train
89921,train
366632,train
320660,train
372392,train
374736,train
60780,train
50062,train
10121,train
153542,train
67829,train
108870,train
127612,train
96071,train
362908,train
78321,train
67740,train
65810,train
270470,train
191928,train
39651,train
147134,train
96998,train
180174,train
148034,train
42815,train
67426,train
130753,train
107736,train
373901,train
35539,train
357511,train
14946,train
477072,train
127440,train
247603,train
369220,train
414203,train
358661,train
97022,train
153602,train
37799,train
157475,train
248117,train
42241,train
48359,train
142663,train
210319,train
236478,train
108196,train
32870,train
127032,train
101811,train
377844,train
23741,train
46682,train
28410,train
146671,train
232837,train
18660,train
148517,train
144069,train
372052,train
268727,train
84575,train
28611,train
127248,train
34278,train
146553,train
148435,train
92955,train
247391,train
59039,train
142862,train
325255,train
29096,train
236395,train
270602,train
382534,train
74697,train
36395,train
63583,train
137602,train
188000,train
431439,train
50130,train
356824,train
76302,train
153795,train
373701,train
254294,train
156764,train
83438,train
101572,train
104498,train
368566,train
1413,train
64486,train
58656,train
98192,train
337236,train
166436,train
427140,train
146098,train
352194,train
320394,train
274980,train
72288,train
95035,train
40085,train
142612,train
427375,train
395062,train
148507,train
372674,train
396157,train
379058,train
214689,train
26906,train
247967,train
63733,train
149216,train
53882,train
109083,train
178022,train
39318,train
91605,train
71865,train
142688,train
61849,train
86465,train
371153,train
127234,train
109087,train
168305,train
359435,train
248436,train
39086,train
152997,train
359804,train
339935,train
112662,train
220597,train
358392,train
154003,train
147599,train
345263,train
30282,train
269552,train
240324,train
253772,train
337964,train
184354,train
28593,train
191517,train
80646,train
193842,train
2743,train
105845,train
38250,train
236612,train
133471,train
88942,train
325032,train
253463,train
42195,train
214849,train
386360,train
104390,train
360786,train
65802,train
344024,train
30026,train
137904,train
402021,train
155262,train
50088,train
158526,train
53604,train
17931,train
257375,train
66761,train
235614,train
125065,train
477087,train
194303,train
104888,train
177229,train
373194,train
78867,train
356858,train
210684,train
133442,train
26509,train
142622,train
161309,train
154404,train
355124,train
239870,train
169041,train
119764,train
148488,train
187294,train
187267,train
104218,train
160911,train
171117,train
157599,train
72678,train
130727,train
246304,train
385854,train
57503,train
6376,train
42343,train
12976,train
183597,train
92968,train
50955,train
97287,train
215674,train
66619,train
153994,train
114151,train
154304,train
93370,train
256438,train
29955,train
45914,train
81101,train
242904,train
127725,train
341756,train
125244,train
344025,train
146945,train
357454,train
343981,train
95534,train
387162,train
173805,train
65422,train
183181,train
53277,train
246932,train
28924,train
119668,train
420276,train
31940,train
332317,train
15352,train
242498,train
127163,train
359121,train
173718,train
28572,train
44704,train
220311,train
302524,train
48565,train
29302,train
26544,train
355218,train
79400,train
60807,train
24810,train
377386,train
153760,train
58406,train
340481,train
324103,train
32225,train
143305,train
62556,train
421667,train
236657,train
151738,train
3466,train
50764,train
12986,train
153404,train
169119,train
156365,train
155637,train
153906,train
207406,train
26978,train
355292,train
173096,train
102244,train
86469,train
28577,train
182723,train
219778,train
43176,train
69132,train
17057,train
242861,train
71462,train
326109,train
333769,train
337235,train
232257,train
355216,train
178434,train
26585,train
51680,train
97371,train
484620,train
124486,train
40448,train
398032,train
86396,train
145481,train
383651,train
132816,train
47285,train
161427,train
148475,train
41978,train
64781,train
345261,train
199144,train
339613,train
90082,train
416241,train
387360,train
97607,train
407754,train
347648,train
86680,train
77580,train
9823,train
256417,train
341507,train
47371,train
374709,train
373876,train
27367,train
90258,train
92931,train
25609,train
234590,train
236511,train
428321,train
79480,train
276119,train
50677,train
72150,train
29275,train
198463,train
256557,train
148748,train
213985,train
76567,train
132340,train
41425,train
212397,train
354452,train
138473,train
233501,train
96954,train
204144,train
318828,train
109859,train
72008,train
109534,train
145488,train
86262,train
275460,train
247902,train
53842,train
373931,train
416380,train
378683,train
189337,train
73094,train
182571,train
267486,train
162992,train
15856,train
83122,train
40884,train
386290,train
44266,train
24184,train
264152,train
208109,train
102934,train
214609,train
179264,train
102092,train
153646,train
190526,train
147685,train
379754,train
89862,train
38269,train
56950,train
331158,train
399494,train
27233,train
396280,train
29920,train
395631,train
142246,train
30353,train
382854,train
84693,train
12001,train
89675,train
78589,train
414469,train
40005,train
263951,train
20536,train
251161,train
22518,train
10570,train
274480,train
126465,train
429064,train
99636,train
156785,train
141826,train
179672,train
84563,train
86441,train
33189,train
105628,train
254329,train
59891,train
144191,train
266095,train
170313,train
158971,train
146679,train
75254,train
18471,train
29088,train
352386,train
172322,train
347033,train
27256,train
28631,train
333861,train
371815,train
58511,train
16263,train
362665,train
245110,train
30624,train
13479,train
106859,train
64711,train
146095,train
26550,train
18474,train
165285,train
72577,train
102397,train
29321,train
153837,train
29477,train
148877,train
31934,train
404317,train
127622,train
131644,train
247117,train
154334,train
259170,train
58068,train
121049,train
24598,train
160379,train
91135,train
160743,train
71808,train
424706,train
372707,train
373184,train
263949,train
85804,train
264144,train
121037,train
335509,train
276934,train
109911,train
10521,train
93417,train
15918,train
365519,train
118860,train
45819,train
355220,train
5511,train
371978,train
35554,train
247383,train
173538,train
23648,train
30192,train
78384,train
202243,train
29191,train
50391,train
71796,train
119344,train
246671,train
123688,train
365771,train
222923,train
190028,train
61231,train
160040,train
93886,train
28748,train
214006,train
165471,train
250705,train
423791,train
389,train
83124,train
86720,train
97527,train
245550,train
359229,train
163496,train
16121,train
176037,train
60640,train
44365,train
13015,train
138116,train
94010,train
358924,train
86681,train
86470,train
26368,train
22778,train
269906,train
320298,train
169760,train
61776,train
142854,train
86464,train
373288,train
38943,train
426596,train
204126,train
8697,train
367819,train
419855,train
33629,train
92364,train
171597,train
67876,train
97559,train
480715,train
121206,train
391691,train
241483,train
249469,train
419212,train
50306,train
82048,train
15,train
68013,train
187863,train
5100,train
121573,train
86248,train
270367,train
109122,train
8884,train
148531,train
84000,train
154029,train
325928,train
274066,train
377525,train
171464,train
61772,train
434446,train
140398,train
35884,train
152105,train
192679,train
103557,train
153846,train
270517,train
72152,train
22710,train
377344,train
368084,train
223420,train
39876,train
212988,train
390715,train
374510,train
28821,train
45915,train
234301,train
145575,train
196066,train
333360,train
114013,train
102348,train
355186,train
32605,train
209965,train
109224,train
362186,train
30136,train
24242,train
118723,train
111395,train
107960,train
108572,train
124922,train
18456,train
336370,train
94243,train
218988,train
345579,train
374116,train
404053,train
376006,train
271416,train
235031,train
359205,train
434339,train
16208,train
21335,train
151093,train
39863,train
360229,train
43865,train
382871,train
107747,train
247121,train
189407,train
131991,train
111789,train
154277,train
220594,train
107209,train
196064,train
333277,train
28648,train
105917,train
29419,train
41862,train
241210,train
354318,train
81689,train
340910,train
45919,train
252498,train
356442,train
211478,train
45203,train
343955,train
121472,train
24728,train
318555,train
96158,train
148533,train
54901,train
366595,train
263531,train
103995,train
33718,train
122423,train
13252,train
344559,train
88837,train
196645,train
183780,train
235100,train
28933,train
254570,train
147096,train
410274,train
349229,train
405262,train
116378,train
477036,train
4080,train
264611,train
87,train
145563,train
268870,train
91232,train
181188,train
86895,train
38271,train
20455,train
86652,train
68705,train
28567,train
40248,train
354192,train
168483,train
247553,train
97624,train
247069,train
86429,train
247080,train
372679,train
257609,train
214394,train
420830,train
69962,train
137658,train
477304,train
434951,train
28610,train
120829,train
114075,train
226407,train
71812,train
231490,train
209661,train
242235,train
107130,train
153503,train
406632,train
99796,train
65398,train
165746,train
20459,train
193334,train
214697,train
92221,train
357740,train
239830,train
383576,train
177240,train
164878,train
359449,train
86837,train
136047,train
144331,train
61771,train
58069,train
223672,train
275422,train
51483,train
126543,train
444,train
135698,train
167194,train
111020,train
35703,train
271336,train
171118,train
232618,train
423848,train
23558,train
374532,train
61709,train
119562,train
143293,train
247931,train
29244,train
5294,train
361045,train
424393,train
108469,train
15225,train
137582,train
4854,train
233810,train
369707,train
105436,train
428784,train
184470,train
22717,train
40210,train
178826,train
375068,train
28098,train
148520,train
148563,train
249464,train
336514,train
52863,train
146561,train
147216,train
15474,train
50200,train
24247,train
272038,train
14474,train
153830,train
120027,train
143960,train
95030,train
153905,train
137910,train
360091,train
173725,train
355816,train
50413,train
32479,train
79449,train
4288,train
405070,train
93640,train
93876,train
259528,train
71699,train
223051,train
137478,train
54636,train
343987,train
34662,train
13925,train
54206,train
96091,train
235168,train
14387,train
120587,train
165611,train
32495,train
50810,train
65655,train
358073,train
162950,train
364694,train
252523,train
397317,train
81855,train
109910,train
91077,train
50495,train
20929,train
68330,train
168588,train
373711,train
62333,train
40447,train
374209,train
29130,train
37664,train
554,train
19212,train
432407,train
336403,train
137907,train
79388,train
33447,train
136302,train
21623,train
96974,train
40813,train
173618,train
277124,train
79761,train
368365,train
143958,train
125582,train
394185,train
111646,train
11630,train
11637,train
328846,train
326384,train
156825,train
70143,train
274009,train
62263,train
393911,train
58625,train
28721,train
148512,train
37361,train
20466,train
356682,train
50443,train
50114,train
210674,train
427113,train
150268,train
491747,train
143038,train
34277,train
1283,train
86738,train
95776,train
48353,train
21621,train
242138,train
37345,train
10553,train
146625,train
34182,train
46687,train
405431,train
257865,train
393792,train
326335,train
219021,train
104714,train
248423,train
266481,train
86445,train
82808,train
359353,train
95331,train
68132,train
12866,train
377982,train
154783,train
418989,train
481101,train
188973,train
415004,train
413688,train
101621,train
198056,train
67865,train
80638,train
354453,train
178825,train
63966,train
104528,train
83132,train
353473,train
130042,train
148405,train
31725,train
174237,train
467327,train
269007,train
372819,train
109872,train
344353,train
61560,train
41725,train
25067,train
168878,train
374010,train
354249,train
167421,train
119450,train
78794,train
165225,train
130088,train
62031,train
61740,train
274097,train
420320,train
491279,train
5997,train
59063,train
85684,train
148575,train
39151,train
111775,train
188717,train
153740,train
374102,train
3817,train
409093,train
38514,train
374959,train
60804,train
196011,train
72837,train
99233,train
103353,train
6047,train
148425,train
54535,train
28671,train
148522,train
212787,train
236660,train
197947,train
102027,train
369070,train
252348,train
3814,train
29388,train
62457,train
362919,train
135208,train
26935,train
149743,train
332846,train
326412,train
124540,train
3336,train
222341,train
163311,train
12681,train
336589,train
95383,train
211872,train
243800,train
236598,train
439993,train
34978,train
119560,train
90440,train
31973,train
353923,train
357216,train
42712,train
64277,train
108880,train
173607,train
33686,train
163120,train
76285,train
3909,train
205079,train
269547,train
381476,train
153939,train
428989,train
48224,train
86952,train
156767,train
357515,train
2146,train
220605,train
101768,train
45950,train
383237,train
222356,train
79507,train
268011,train
58265,train
354435,train
428781,train
138200,train
92956,train
8239,train
221639,train
423740,train
105866,train
423744,train
97623,train
11191,train
222461,train
172245,train
156774,train
199149,train
167729,train
171596,train
137562,train
32311,train
89326,train
198965,train
82932,train
38329,train
382537,train
62681,train
107223,train
99580,train
359146,train
29841,train
26941,train
73757,train
76322,train
190627,train
122997,train
54539,train
233830,train
104231,train
47469,train
74926,train
111114,train
277083,train
168028,train
45923,train
23537,train
102936,train
131022,train
29447,train
189830,train
372939,train
151445,train
33123,train
271409,train
86478,train
125149,train
485400,train
220596,train
428753,train
388474,train
18562,train
423342,train
15845,train
2607,train
98317,train
169181,train
133100,train
221951,train
109152,train
409197,train
135762,train
127276,train
28561,train
340711,train
124886,train
55273,train
225092,train
351318,train
21625,train
163688,train
243801,train
418011,train
47049,train
146544,train
7547,train
29476,train
79148,train
333271,train
127370,train
36503,train
189822,train
359067,train
241571,train
11935,train
146708,train
59031,train
27353,train
204649,train
150163,train
157726,train
63827,train
5193,train
83974,train
400699,train
31529,train
148272,train
95800,train
80822,train
146619,train
28490,train
37845,train
386538,train
11990,train
149808,train
120124,train
50508,train
77527,train
11964,train
92952,train
199757,train
24762,train
127307,train
97649,train
151994,train
127644,train
337170,train
357469,train
23913,train
239791,train
150345,train
325416,train
138810,train
68395,train
40446,train
382511,train
382495,train
316595,train
2994,train
108885,train
95774,train
119676,train
155123,train
86830,train
84021,train
341419,train
154781,train
241579,train
357992,train
358608,train
397339,train
246968,train
44263,train
31490,train
113290,train
22953,train
433985,train
71631,train
135835,train
239953,train
237210,train
152331,train
109545,train
57410,train
60916,train
79454,train
5662,train
21063,train
13315,train
6055,train
168123,train
72563,train
40067,train
146835,train
316895,train
96346,train
176126,train
247135,train
484628,train
111076,train
32169,train
102095,train
222390,train
33565,train
37178,train
103614,train
338167,train
370941,train
157596,train
79618,train
63063,train
166049,train
59013,train
5197,train
77345,train
146620,train
127303,train
73716,train
167689,train
56294,train
203755,train
415395,train
352638,train
358041,train
386607,train
97654,train
36777,train
222458,train
164877,train
50267,train
28765,train
71608,train
45539,train
53502,train
62148,train
51632,train
333247,train
354643,train
126334,train
106460,train
43213,train
115221,train
210650,train
39986,train
42917,train
373626,train
263534,train
21890,train
120695,train
10897,train
39168,train
474399,train
108402,train
477017,train
357950,train
86419,train
158612,train
153861,train
348369,train
189419,train
249723,train
26665,train
21336,train
196058,train
133659,train
40320,train
236429,train
189490,train
28597,train
121085,train
64544,train
372682,train
236561,train
242230,train
24939,train
388840,train
236352,train
477251,train
357554,train
127634,train
64818,train
197450,train
131131,train
494131,train
356886,train
332047,train
18882,train
81381,train
29471,train
25333,train
326848,train
149326,train
162692,train
72846,train
387774,train
113090,train
153847,train
13450,train
116793,train
21747,train
5560,train
169229,train
24036,train
26464,train
142876,train
373984,train
111779,train
354541,train
337754,train
369082,train
154028,train
354373,train
247757,train
115801,train
68416,train
32151,train
50241,train
98150,train
377589,train
43542,train
331230,train
218055,train
222375,train
106450,train
86454,train
344992,train
80613,train
189488,train
115569,train
388284,train
39328,train
2520,train
169802,train
137535,train
164951,train
119025,train
166216,train
102011,train
173891,train
28562,train
45728,train
156641,train
168059,train
373643,train
372648,train
152614,train
356867,train
92135,train
27928,train
418407,train
371997,train
151596,train
166182,train
476977,train
110265,train
34,train
356451,train
26595,train
9659,train
173691,train
140212,train
156700,train
86477,train
94759,train
5254,train
102863,train
179924,train
148540,train
364484,train
67824,train
179543,train
38238,train
131918,train
151223,train
169729,train
105478,train
382940,train
102495,train
337824,train
273787,train
208314,train
90432,train
34369,train
216811,train
130015,train
271605,train
58052,train
63246,train
25042,train
104105,train
163272,train
109900,train
246363,train
359367,train
49317,train
118996,train
96956,train
56938,train
199897,train
86399,train
231686,train
150271,train
182951,train
108590,train
234950,train
92391,train
70345,train
23910,train
79483,train
386359,train
11550,train
109598,train
171004,train
25773,train
51227,train
402905,train
33654,train
33655,train
4224,train
164387,train
1261,train
156782,train
386921,train
61734,train
58873,train
50152,train
44881,train
90801,train
261420,train
4157,train
369088,train
412332,train
188886,train
218188,train
248362,train
92402,train
46729,train
170962,train
153599,train
222304,train
54329,train
196004,train
347724,train
16174,train
31483,train
105291,train
359602,train
87289,train
360239,train
168197,train
57619,train
474934,train
477082,train
160314,train
99875,train
70028,train
246703,train
34074,train
215562,train
95818,train
28253,train
166793,train
276894,train
361443,train
78840,train
104110,train
173690,train
1977,train
49407,train
115534,train
210671,train
48670,train
183062,train
358066,train
144342,train
347816,train
27991,train
383605,train
148589,train
49520,train
163565,train
156188,train
2532,train
354295,train
98948,train
189831,train
105433,train
144556,train
68150,train
29466,train
153707,train
13032,train
359442,train
270741,train
140204,train
398705,train
425440,train
188465,train
121132,train
28285,train
354512,train
189695,train
375717,train
109562,train
64714,train
64965,train
420942,train
55969,train
64819,train
81382,train
374527,train
38633,train
18047,train
72842,train
63507,train
74217,train
158628,train
56513,train
251110,train
104707,train
188084,train
429063,train
365772,train
23025,train
105685,train
216534,train
148553,train
44829,train
357489,train
128834,train
382541,train
233410,train
76892,train
116625,train
382529,train
142216,train
51207,train
40073,train
381275,train
164118,train
244339,train
76814,train
122175,train
29031,train
344664,train
150985,train
122204,train
92186,train
11646,train
112632,train
373276,train
9656,train
81992,train
61714,train
333275,train
153690,train
147905,train
317101,train
119667,train
386521,train
88302,train
410427,train
127635,train
102012,train
241552,train
374703,train
59962,train
81936,train
142698,train
66622,train
133747,train
157018,train
200922,train
242981,train
355101,train
172863,train
130406,train
45453,train
137941,train
113129,train
162975,train
86462,train
166427,train
33313,train
57670,train
354794,train
126535,train
183065,train
92944,train
61746,train
11889,train
39327,train
354186,train
382855,train
357725,train
16437,train
369285,train
35074,train
23019,train
328699,train
433701,train
25691,train
111171,train
257858,train
185529,train
117625,train
65439,train
70308,train
148241,train
114444,train
328052,train
248945,train
248777,train
8190,train
231495,train
88836,train
39389,train
347038,train
153659,train
183162,train
127621,train
411222,train
50422,train
102100,train
146584,train
273341,train
256205,train
36780,train
12776,train
184635,train
257924,train
325155,train
267501,train
123294,train
16375,train
402128,train
354035,train
354199,train
54902,train
126571,train
248828,train
23192,train
188756,train
12959,train
377842,train
251860,train
123812,train
148558,train
129159,train
447425,train
238299,train
120661,train
6028,train
94684,train
420263,train
249080,train
199146,train
191918,train
360184,train
374200,train
65873,train
274451,train
59450,train
51374,train
199255,train
236565,train
151009,train
236682,train
373834,train
28904,train
181928,train
39209,train
11505,train
64778,train
79265,train
44535,train
89113,train
9559,train
25485,train
156756,train
349489,train
68654,train
132952,train
92915,train
191911,train
146487,train
374182,train
148441,train
19475,train
84095,train
114157,train
51423,train
274877,train
259687,train
105767,train
5302,train
359681,train
185055,train
67650,train
55721,train
167900,train
107356,train
54523,train
71705,train
352958,train
39495,train
26070,train
261488,train
25588,train
382547,train
247166,train
192002,train
95799,train
42247,train
357446,train
252322,train
81137,train
277547,train
148230,train
272387,train
26934,train
210602,train
53869,train
188226,train
160373,train
153595,train
485473,train
63696,train
158601,train
55904,train
121023,train
2615,train
10497,train
122498,train
137892,train
357086,train
114090,train
153532,train
400597,train
248648,train
148539,train
68427,train
40333,train
415411,train
148534,train
149011,train
72836,train
358016,train
404407,train
89893,train
252712,train
29363,train
62280,train
124396,train
26557,train
397435,train
386249,train
72826,train
186489,train
61762,train
107328,train
411737,train
367099,train
121295,train
146613,train
146509,train
334915,train
86449,train
109566,train
238870,train
80079,train
364707,train
375728,train
163695,train
60606,train
193761,train
72143,train
79470,train
56552,train
7313,train
65440,train
65171,train
90351,train
39325,train
151284,train
337000,train
3746,train
57382,train
162230,train
25610,train
362330,train
29893,train
106885,train
67655,train
33411,train
95533,train
59612,train
361089,train
10758,train
232723,train
9235,train
238017,train
236679,train
83058,train
58907,train
204179,train
371224,train
194578,train
14081,train
278107,train
3004,train
193872,train
373185,train
10971,train
83129,train
199113,train
274058,train
477302,train
142824,train
177139,train
158782,train
327915,train
119309,train
29192,train
55874,train
184237,train
14990,train
33477,train
63618,train
70860,train
13402,train
35138,train
46153,train
130715,train
415428,train
388252,train
11849,train
218844,train
152711,train
234857,train
327919,train
195522,train
171317,train
65436,train
361438,train
325858,train
372661,train
136656,train
16672,train
89959,train
160371,train
236481,train
354263,train
148510,train
490712,train
414063,train
395197,train
108889,train
151711,train
169807,train
151385,train
346684,train
42286,train
89261,train
153973,train
173775,train
192057,train
345264,train
11963,train
60753,train
165997,train
17146,train
5163,train
93925,train
72838,train
40444,train
343867,train
363169,train
114358,train
84387,train
27132,train
277553,train
30023,train
26949,train
220582,train
169693,train
358025,train
380164,train
356918,train
61751,train
395492,train
109229,train
332505,train
36494,train
220568,train
57060,train
267918,train
16378,train
416434,train
369051,train
394142,train
61724,train
28994,train
128054,train
40431,train
164179,train
420322,train
145083,train
364260,train
396887,train
101553,train
28439,train
236654,train
82386,train
15541,train
127563,train
42722,train
154449,train
132045,train
1042,train
50242,train
71600,train
231265,train
358057,train
386271,train
254384,train
251863,train
142813,train
14314,train
142719,train
56028,train
168899,train
350334,train
97829,train
178219,train
75021,train
367052,train
169102,train
329555,train
236492,train
333610,train
154076,train
17353,train
211549,train
23751,train
68720,train
51258,train
252556,train
40284,train
45056,train
382527,train
190101,train
49799,train
248713,train
382836,train
25262,train
95281,train
60774,train
319347,train
49089,train
40882,train
415430,train
153826,train
61720,train
62849,train
55959,train
203201,train
113383,train
212610,train
169805,train
111776,train
131174,train
39520,train
1127,train
200551,train
28557,train
40945,train
65517,train
402937,train
251633,train
333418,train
22751,train
358276,train
11932,train
359816,train
404854,train
17546,train
29371,train
6233,train
101408,train
123293,train
99891,train
17862,train
77296,train
35139,train
247128,train
254573,train
268844,train
142677,train
57509,train
112460,train
5793,train
150706,train
23073,train
386774,train
21874,train
151326,train
81923,train
51445,train
65895,train
356605,train
97032,train
146335,train
148545,train
358876,train
137909,train
74200,train
170584,train
86082,train
253973,train
245204,train
107078,train
20453,train
395407,train
415397,train
344017,train
20155,train
386287,train
18229,train
72270,train
82004,train
103561,train
25824,train
383571,train
154067,train
95386,train
326348,train
107717,train
51479,train
407943,train
327139,train
349847,train
13052,train
63275,train
94920,train
31826,train
386111,train
95332,train
275788,train
372646,train
38206,train
277554,train
373558,train
181757,train
49850,train
161267,train
414752,train
180749,train
50314,train
95034,train
25639,train
43743,train
420313,train
359699,train
272335,train
33697,train
357443,train
262975,train
107716,train
146640,train
168515,train
19153,train
378275,train
67345,train
20093,train
14956,train
13037,train
93879,train
249010,train
25068,train
176226,train
174860,train
148566,train
22181,train
84441,train
40618,train
359953,train
111018,train
33143,train
203492,train
240097,train
194743,train
37890,train
58026,train
83992,train
181071,train
126055,train
105591,train
361186,train
242242,train
60909,train
334991,train
63352,train
5514,train
156185,train
238638,train
120989,train
33652,train
21573,train
67339,train
109244,train
94407,train
387225,train
359706,train
50123,train
50304,train
242231,train
171473,train
417774,train
165235,train
81272,train
373644,train
26282,train
36399,train
56030,train
189402,train
41516,train
157911,train
121203,train
48189,train
61733,train
80317,train
41503,train
119219,train
423743,train
79031,train
72839,train
38297,train
256579,train
483494,train
155279,train
337001,train
69478,train
23998,train
127231,train
11780,train
112175,train
173110,train
252486,train
69355,train
84074,train
76983,train
234996,train
109618,train
71114,train
156703,train
378695,train
11546,train
157280,train
148487,train
32168,train
221790,train
169157,train
357142,train
218839,train
78854,train
166950,train
358288,train
172711,train
47140,train
11653,train
15791,train
123590,train
106449,train
110317,train
63741,train
387406,train
247258,train
133789,train
69159,train
117981,train
154000,train
92971,train
354516,train
37284,train
5194,train
236643,train
158610,train
26932,train
253246,train
12927,train
60776,train
341432,train
120130,train
77684,train
75949,train
148607,train
33473,train
80558,train
179200,train
302526,train
173192,train
121072,train
375541,train
108772,train
390939,train
14076,train
77026,train
72341,train
28106,train
82700,train
246731,train
64716,train
336769,train
153853,train
58515,train
419972,train
333411,train
358380,train
220601,train
199070,train
9657,train
63852,train
99586,train
97189,train
166812,train
156734,train
124690,train
29263,train
143339,train
268126,train
325657,train
68051,train
236537,train
65687,train
357461,train
377573,train
102466,train
316016,train
418831,train
78491,train
218869,train
99435,train
247103,train
358471,train
248614,train
103031,train
67425,train
15226,train
434603,train
61759,train
146197,train
191991,train
26537,train
58323,train
40376,train
74679,train
380806,train
274866,train
175417,train
65519,train
144224,train
247477,train
374920,train
148556,train
204641,train
218876,train
254583,train
127632,train
30022,train
184271,train
80621,train
39160,train
117127,train
343901,train
112213,train
94607,train
58188,train
232635,train
116902,train
47142,train
19085,train
254868,train
186316,train
253611,train
24651,train
28574,train
56011,train
324894,train
68440,train
72251,train
40462,train
89300,train
50191,train
219772,train
137819,train
256886,train
161686,train
90672,train
367078,train
402859,train
202002,train
182557,train
102858,train
43555,train
407028,train
198262,train
73723,train
365799,train
275154,train
29157,train
403343,train
29618,train
427575,train
15171,train
71126,train
163007,train
60805,train
105924,train
372676,train
70069,train
16250,train
30324,train
270695,train
98290,train
78217,train
16799,train
354247,train
67744,train
458036,train
372650,train
23667,train
356680,train
140680,train
85694,train
377266,train
61747,train
121017,train
354930,train
231991,train
30025,train
236489,train
64184,train
271335,train
15607,train
32201,train
354426,train
52180,train
246699,train
96984,train
75054,train
190915,train
138905,train
154315,train
231957,train
11700,train
5823,train
316084,train
36554,train
347562,train
374572,train
236544,train
118275,train
371385,train
49774,train
161678,train
155925,train
86436,train
155206,train
174035,train
371157,train
189416,train
19821,train
318758,train
366034,train
171513,train
165142,train
323559,train
104428,train
19155,train
47372,train
93880,train
374571,train
62361,train
73454,train
153725,train
92387,train
75105,train
356505,train
246987,train
74383,train
411542,train
187832,train
27386,train
137419,train
135719,train
1167,train
2530,train
87406,train
392063,train
56019,train
247139,train
78436,train
248622,train
358690,train
360603,train
76531,train
434449,train
187662,train
148355,train
80630,train
383778,train
150913,train
374351,train
399740,train
275580,train
372481,train
346504,train
146681,train
426906,train
97344,train
240934,train
102091,train
164299,train
130968,train
146977,train
69817,train
257349,train
30283,train
246887,train
207523,train
132905,train
157432,train
214512,train
142703,train
93909,train
36321,train
231992,train
372746,train
123990,train
373614,train
302530,train
58510,train
358158,train
25698,train
202498,train
491273,train
30143,train
191678,train
107422,train
13864,train
341534,train
176965,train
155707,train
355874,train
28584,train
75643,train
356875,train
18038,train
95531,train
154223,train
316009,train
4268,train
153143,train
53944,train
236558,train
428299,train
240096,train
92942,train
372702,train
167196,train
29493,train
83537,train
216814,train
246083,train
363061,train
160574,train
414358,train
356891,train
94636,train
241481,train
107137,train
117228,train
374525,train
34667,train
146464,train
270753,train
247765,train
101409,train
119726,train
337090,train
60695,train
220586,train
355922,train
104111,train
153620,train
39169,train
165289,train
133227,train
148432,train
142867,train
365207,train
179315,train
50259,train
116899,train
140660,train
381274,train
36771,train
72340,train
106438,train
154021,train
53458,train
216810,train
356039,train
83118,train
43187,train
75253,train
354483,train
32199,train
26540,train
162089,train
276317,train
20640,train
258261,train
61399,train
247118,train
9562,train
371302,train
270440,train
270405,train
381483,train
100029,train
58273,train
36562,train
66155,train
119844,train
721,train
50172,train
463592,train
111078,train
146212,train
109570,train
173692,train
336771,train
340547,train
354948,train
34942,train
361225,train
34134,train
477031,train
382525,train
71963,train
372322,train
358074,train
96769,train
194685,train
10899,train
75060,train
490557,train
153614,train
357832,train
358048,train
213162,train
3112,train
1076,train
345465,train
371554,train
132711,train
33481,train
188066,train
41515,train
377137,train
248176,train
393456,train
358468,train
155569,train
34383,train
48478,train
38851,train
355249,train
356450,train
93854,train
393359,train
151744,train
173746,train
200210,train
146670,train
137462,train
172930,train
91406,train
248775,train
15919,train
15922,train
349956,train
144771,train
379099,train
221705,train
26499,train
147944,train
63719,train
83703,train
196069,train
90179,train
356449,train
331143,train
466685,train
30880,train
360117,train
219259,train
13852,train
85731,train
28915,train
248454,train
76293,train
145815,train
172109,train
28396,train
149776,train
241578,train
79051,train
12886,train
110159,train
109101,train
12873,train
382888,train
105537,train
120823,train
60392,train
68382,train
34328,train
247492,train
89782,train
29029,train
247813,train
40901,train
447685,train
144743,train
371972,train
153337,train
3321,train
68729,train
191849,train
243350,train
153670,train
88928,train
353528,train
161340,train
252234,train
347761,train
408763,train
65718,train
68446,train
355757,train
186391,train
433703,train
159543,train
214866,train
389762,train
168959,train
383646,train
394770,train
236345,train
26931,train
316902,train
177256,train
243570,train
356651,train
316598,train
236348,train
369238,train
241583,train
257864,train
47929,train
39622,train
385031,train
426907,train
38647,train
149395,train
77343,train
344597,train
141376,train
213986,train
334683,train
199867,train
354371,train
142875,train
7068,train
29272,train
114328,train
26657,train
26889,train
116921,train
400697,train
154041,train
413382,train
376477,train
34663,train
387467,train
203649,train
316686,train
98650,train
418513,train
119281,train
91978,train
190697,train
241485,train
89494,train
49855,train
91403,train
85957,train
410678,train
214504,train
343943,train
208695,train
349240,train
89963,train
152042,train
56909,train
5504,train
48057,train
208741,train
147271,train
91020,train
184798,train
65672,train
148439,train
153718,train
106435,train
359381,train
128830,train
351062,train
38884,train
176589,train
415473,train
273994,train
374877,train
24115,train
55936,train
97236,train
28618,train
24282,train
234589,train
28628,train
64664,train
71754,train
79145,train
379865,train
50179,train
20753,train
357004,train
112565,train
119680,train
29889,train
360462,train
89684,train
11952,train
252351,train
28011,train
401707,train
86755,train
402953,train
16203,train
276826,train
247510,train
148941,train
336982,train
269003,train
350513,train
26942,train
119321,train
155193,train
148270,train
18879,train
52785,train
86422,train
37164,train
128795,train
62311,train
85958,train
331428,train
256954,train
372046,train
194925,train
201990,train
1818,train
242963,train
15743,train
23059,train
40903,train
359126,train
351479,train
357464,train
128827,train
91081,train
61745,train
490230,train
236326,train
167548,train
219110,train
23574,train
31251,train
77291,train
142783,train
372655,train
231468,train
147816,train
156809,train
153737,train
121477,train
373670,train
142782,train
262426,train
331704,train
45477,train
354258,train
148543,train
221599,train
43998,train
20644,train
327432,train
161579,train
11765,train
1370,train
117802,train
71,train
387766,train
48322,train
211528,train
85620,train
6985,train
316041,train
118486,train
324192,train
183750,train
395828,train
86394,train
109544,train
40405,train
133360,train
57490,train
355147,train
259681,train
182984,train
187359,train
302492,train
92137,train
205734,train
46722,train
410241,train
11017,train
22955,train
358197,train
146196,train
19247,train
40988,train
438928,train
246529,train
454617,train
380100,train
52307,train
189376,train
28541,train
198256,train
79173,train
105725,train
166966,train
412806,train
338088,train
184469,train
148538,train
60830,train
114158,train
119459,train
38561,train
40032,train
386492,train
166133,train
86388,train
105836,train
187127,train
246958,train
192269,train
382457,train
11926,train
252218,train
17508,train
172951,train
92260,train
374050,train
254389,train
28566,train
275791,train
422873,train
11666,train
479408,train
33924,train
423853,train
240779,train
68424,train
355771,train
186660,train
200634,train
48983,train
235167,train
9743,train
268215,train
410237,train
114095,train
357433,train
93023,train
121604,train
359258,train
198248,train
142848,train
375493,train
232840,train
62509,train
61787,train
423986,train
29214,train
36394,train
215682,train
91750,train
151598,train
31027,train
373604,train
433921,train
131700,train
155234,train
16051,train
167675,train
92943,train
391430,train
196071,train
15146,train
154040,train
68658,train
105833,train
101375,train
18807,train
252377,train
26213,train
28747,train
83625,train
115236,train
142655,train
62327,train
69503,train
117978,train
426039,train
83434,train
171442,train
189493,train
162732,train
60782,train
343098,train
57475,train
136408,train
382336,train
271514,train
105755,train
74464,train
325459,train
416364,train
374117,train
150035,train
147018,train
137418,train
49661,train
160294,train
479410,train
89664,train
163419,train
155210,train
142885,train
374074,train
354421,train
25293,train
21,train
236531,train
105463,train
153661,train
130733,train
84835,train
410862,train
148273,train
91079,train
102388,train
417430,train
14326,train
137917,train
57023,train
156750,train
335930,train
354592,train
374220,train
60792,train
146001,train
343994,train
34966,train
421642,train
114188,train
78924,train
236455,train
89335,train
47338,train
8665,train
111030,train
11647,train
270465,train
236528,train
239659,train
3739,train
235042,train
47847,train
32545,train
102478,train
86424,train
92377,train
218889,train
435557,train
244012,train
91086,train
29704,train
29181,train
40835,train
386297,train
221832,train
204035,train
275798,train
263076,train
386574,train
156673,train
5702,train
146465,train
9350,train
47675,train
25642,train
343957,train
115413,train
167448,train
156704,train
48988,train
83996,train
13872,train
34373,train
39162,train
29004,train
153738,train
84099,train
386074,train
41964,train
182017,train
136957,train
81246,train
247989,train
126542,train
183058,train
86676,train
410145,train
33563,train
265110,train
86836,train
90250,train
35932,train
373364,train
278896,train
174368,train
133890,train
419197,train
133809,train
343942,train
28938,train
196923,train
423493,train
173601,train
67308,train
39301,train
56135,train
15961,train
218177,train
233473,train
90438,train
119355,train
335518,train
44359,train
66319,train
3813,train
371920,train
153953,train
323080,train
238873,train
24274,train
357164,train
172088,train
52179,train
29187,train
5627,train
69590,train
347947,train
339625,train
56025,train
105904,train
96167,train
382906,train
32865,train
388476,train
159987,train
236456,train
165170,train
210296,train
70270,train
18218,train
60793,train
47067,train
120970,train
424389,train
238013,train
148933,train
31528,train
347908,train
241581,train
76516,train
33003,train
103592,train
14029,train
72555,train
431189,train
241484,train
343984,train
269904,train
17898,train
111786,train
144336,train
42351,train
137442,train
363118,train
51475,train
13235,train
373356,train
424395,train
45063,train
61321,train
54121,train
367493,train
124534,train
236402,train
24969,train
267004,train
236443,train
61723,train
82716,train
57388,train
173893,train
39189,train
373638,train
188224,train
358195,train
15955,train
426690,train
72881,train
2700,train
137538,train
354902,train
148461,train
11958,train
136745,train
45078,train
239517,train
169803,train
82788,train
273710,train
130514,train
40430,train
109953,train
390459,train
374978,train
148016,train
105026,train
355197,train
1830,train
146942,train
56549,train
29335,train
102706,train
148491,train
277103,train
148495,train
69477,train
414616,train
570,train
44,train
105597,train
354190,train
60164,train
156501,train
247371,train
154692,train
72255,train
61562,train
153719,train
176021,train
86457,train
213375,train
2689,train
37175,train
139333,train
166958,train
141186,train
154917,train
379750,train
68148,train
117946,train
66109,train
359243,train
429076,train
169053,train
132951,train
29921,train
127590,train
427559,train
261199,train
256884,train
122605,train
414225,train
24044,train
83100,train
31057,train
415423,train
328046,train
361870,train
196063,train
139301,train
333923,train
170097,train
157311,train
6272,train
233582,train
22109,train
34067,train
46686,train
59509,train
345423,train
41050,train
128816,train
61778,train
84028,train
60065,train
370994,train
63521,train
210631,train
407932,train
121045,train
355231,train
259590,train
235053,train
360256,train
325859,train
107274,train
21941,train
95694,train
91227,train
818,train
386279,train
92405,train
84746,train
137919,train
48157,train
127251,train
28735,train
127153,train
21066,train
115086,train
153632,train
104720,train
72963,train
345836,train
83501,train
348234,train
50503,train
31821,train
267249,train
150845,train
355985,train
236400,train
58074,train
58051,train
90441,train
32863,train
148541,train
102099,train
248880,train
2453,train
368276,train
126862,train
61730,train
109845,train
373672,train
148915,train
54094,train
55438,train
80788,train
355961,train
402801,train
64958,train
114367,train
168725,train
366957,train
400113,train
64959,train
154220,train
5998,train
85755,train
36774,train
374393,train
31581,train
81996,train
427615,train
188145,train
84391,train
244500,train
372783,train
424295,train
123900,train
111948,train
16746,train
24126,train
246762,train
233208,train
213565,train
274153,train
29186,train
18515,train
87939,train
11855,train
347927,train
236500,train
115486,train
119938,train
162947,train
465902,train
118898,train
353550,train
72843,train
154059,train
247915,train
160532,train
109856,train
150380,train
360188,train
30043,train
269584,train
130099,train
18663,train
115417,train
329116,train
29361,train
79489,train
190468,train
146926,train
88914,train
372703,train
173907,train
144059,train
51413,train
68153,train
64126,train
13881,train
92923,train
92382,train
192245,train
101059,train
16201,train
357024,train
369988,train
432102,train
11602,train
160276,train
100904,train
406694,train
61214,train
188754,train
200026,train
426038,train
185142,train
10661,train
37907,train
252374,train
459706,train
418751,train
104003,train
247776,train
357471,train
28568,train
28165,train
13008,train
262326,train
344001,train
32868,train
102072,train
73387,train
23561,train
30039,train
166177,train
172622,train
94104,train
148429,train
114437,train
424847,train
154299,train
325881,train
149109,train
105831,train
373261,train
324546,train
153667,train
50186,train
189379,train
83131,train
236663,train
334093,train
253587,train
164390,train
355248,train
93899,train
104210,train
26546,train
92932,train
2889,train
397673,train
167167,train
39194,train
103540,train
355912,train
55990,train
234092,train
68664,train
382883,train
142837,train
418399,train
393460,train
25907,train
72578,train
50182,train
192348,train
63695,train
32600,train
54194,train
41328,train
92577,train
159294,train
213890,train
382524,train
148480,train
247634,train
148602,train
176087,train
86415,train
213691,train
126123,train
91237,train
39191,train
1173,train
234577,train
347658,train
411179,train
355290,train
328868,train
18467,train
29407,train
348654,train
125063,train
53691,train
146870,train
326851,train
333420,train
8107,train
119352,train
334468,train
192092,train
252346,train
119320,train
24365,train
28358,train
419201,train
393237,train
195282,train
337721,train
50189,train
386434,train
326959,train
148150,train
160533,train
270769,train
42904,train
50445,train
327116,train
55896,train
355305,train
34595,train
6546,train
9752,train
219303,train
74821,train
33165,train
50373,train
80194,train
373690,train
136878,train
155280,train
477659,train
26500,train
25355,train
250378,train
81297,train
30685,train
86389,train
59303,train
116223,train
242931,train
274997,train
145487,train
154010,train
355291,train
81345,train
248422,train
153857,train
170737,train
360599,train
154105,train
2611,train
404841,train
161967,train
67417,train
173674,train
38181,train
175428,train
171270,train
252393,train
147114,train
116390,train
120903,train
41148,train
12693,train
444012,train
222324,train
102952,train
153999,train
1922,train
92138,train
78842,train
48058,train
261193,train
373691,train
237683,train
180297,train
64293,train
146235,train
54948,train
86466,train
73108,train
45904,train
107845,train
99776,train
46962,train
480646,train
107726,train
23965,train
95797,train
143956,train
39992,train
381506,train
127508,train
92916,train
245200,train
148274,train
355221,train
191960,train
20191,train
113340,train
374504,train
138571,train
359827,train
368431,train
11949,train
78862,train
121301,train
193673,train
168069,train
114083,train
35131,train
84090,train
241461,train
393459,train
1925,train
154046,train
357813,train
8521,train
123994,train
187586,train
28932,train
52270,train
181540,train
477022,train
418587,train
248707,train
19165,train
187762,train
56970,train
50857,train
362760,train
144330,train
138971,train
132010,train
477305,train
61873,train
358567,train
252320,train
55239,train
27952,train
329734,train
28599,train
373368,train
69947,train
149877,train
121080,train
40404,train
274627,train
357790,train
19252,train
154297,train
84103,train
31823,train
86439,train
430821,train
145215,train
133670,train
50951,train
175664,train
119197,train
11788,train
28867,train
235671,train
199297,train
75525,train
16466,train
83593,train
42,train
415460,train
2705,train
69690,train
425992,train
64168,train
86452,train
104843,train
208919,train
150406,train
54944,train
96096,train
25278,train
246937,train
153376,train
247203,train
337373,train
52290,train
86384,train
164592,train
356444,train
90435,train
49084,train
351173,train
80834,train
38571,train
372687,train
174043,train
119201,train
182963,train
1053,train
382487,train
29062,train
37209,train
6520,train
267954,train
64253,train
108056,train
134854,train
320166,train
413657,train
130570,train
33648,train
30414,train
347918,train
48544,train
212143,train
153636,train
426389,train
201013,train
139095,train
266496,train
416438,train
22887,train
28825,train
170797,train
400586,train
178067,train
126863,train
175965,train
71054,train
153951,train
259611,train
346682,train
374123,train
116367,train
127736,train
358391,train
137930,train
42199,train
340557,train
153755,train
26937,train
28591,train
29028,train
92921,train
373723,train
196065,train
192238,train
42187,train
99227,train
432405,train
151045,train
24650,train
146450,train
213724,train
137925,train
59461,train
84231,train
189428,train
146610,train
86683,train
261512,train
69006,train
66432,train
168440,train
107053,train
135847,train
360851,train
40467,train
413462,train
418949,train
356130,train
418622,train
358261,train
222300,train
28605,train
164923,train
408488,train
151354,train
104189,train
359425,train
32496,train
33699,train
67331,train
366177,train
19200,train
65435,train
7883,train
43161,train
146675,train
148478,train
26514,train
148506,train
241543,train
28604,train
109934,train
166238,train
248745,train
355106,train
142821,train
142578,train
383565,train
156818,train
153822,train
26938,train
383695,train
354929,train
374357,train
55246,train
274853,train
114492,train
137905,train
236557,train
101460,train
72277,train
18281,train
208689,train
219253,train
164658,train
101903,train
141689,train
210652,train
188825,train
132047,train
373820,train
184689,train
354204,train
105645,train
386609,train
26928,train
179239,train
121764,train
211707,train
358637,train
177605,train
144676,train
181634,train
37349,train
252469,train
239756,train
324793,train
22018,train
45905,train
173939,train
61915,train
106991,train
114203,train
11007,train
269783,train
260802,train
382632,train
373685,train
48076,train
109192,train
137632,train
332729,train
168561,train
96825,train
53296,train
383699,train
397920,train
405699,train
153675,train
277082,train
239856,train
255648,train
53786,train
86737,train
146496,train
374805,train
93895,train
236576,train
236449,train
70983,train
102360,train
251091,train
358003,train
5810,train
370664,train
5515,train
154410,train
151349,train
43436,train
118707,train
144645,train
65660,train
28776,train
372408,train
67041,train
192149,train
53474,train
80641,train
95948,train
358311,train
143391,train
47679,train
91672,train
121943,train
119030,train
29021,train
92935,train
6506,train
354273,train
268593,train
79206,train
247605,train
236626,train
343934,train
200960,train
256422,train
21678,train
382483,train
109483,train
432400,train
156766,train
66592,train
246782,train
383688,train
373844,train
415454,train
45526,train
977,train
11665,train
144613,train
386593,train
72884,train
120444,train
195300,train
11965,train
55311,train
432122,train
257430,train
92948,train
178669,train
92964,train
148577,train
17133,train
388288,train
340165,train
90278,train
198257,train
373365,train
372686,train
243415,train
324060,train
242241,train
92399,train
105964,train
30027,train
61718,train
63921,train
48084,train
148603,train
91746,train
15928,train
118741,train
24106,train
119354,train
247272,train
119194,train
272392,train
333410,train
10491,train
39862,train
31266,train
268128,train
383615,train
145881,train
395282,train
356888,train
273050,train
92122,train
55061,train
182524,train
62139,train
137052,train
92375,train
28056,train
355910,train
42725,train
116366,train
145101,train
84420,train
273222,train
27872,train
376031,train
87775,train
185491,train
27558,train
362196,train
355917,train
331379,train
19154,train
141179,train
19760,train
23868,train
119028,train
445125,train
176251,train
160018,train
158604,train
170585,train
169620,val
28929,val
425792,val
170466,val
93368,val
174924,val
40900,val
146207,val
35213,val
12982,val
4279,val
263052,val
120456,val
425676,val
327127,val
337164,val
185561,val
26630,val
3952,val
494480,val
169933,val
383574,val
372683,val
89561,val
167384,val
100253,val
158973,val
250696,val
29330,val
81321,val
96080,val
192261,val
44050,val
391293,val
124921,val
3802,val
88915,val
35836,val
241492,val
160268,val
14047,val
115504,val
136279,val
89441,val
146982,val
171707,val
152092,val
123889,val
327495,val
329842,val
67756,val
200024,val
239837,val
16797,val
381467,val
347314,val
147941,val
12784,val
423009,val
81349,val
357171,val
382545,val
25381,val
156806,val
493223,val
57770,val
93878,val
201914,val
73090,val
432206,val
105901,val
236668,val
476803,val
321741,val
275276,val
86434,val
354193,val
182935,val
146519,val
16204,val
70823,val
234034,val
198038,val
91995,val
354317,val
107135,val
154020,val
364343,val
10434,val
11668,val
137463,val
148243,val
381959,val
112066,val
68408,val
374895,val
222344,val
429422,val
431907,val
126567,val
15746,val
28961,val
89895,val
355969,val
270718,val
119437,val
71120,val
246974,val
107157,val
28440,val
164875,val
104805,val
40846,val
331608,val
40831,val
420054,val
268116,val
270729,val
41021,val
153641,val
41666,val
97635,val
467334,val
37803,val
387763,val
42814,val
373335,val
57587,val
3266,val
333403,val
40509,val
36852,val
137564,val
34889,val
4052,val
101857,val
27930,val
407012,val
372585,val
22871,val
374099,val
393632,val
337762,val
3046,val
250526,val
145082,val
24818,val
124693,val
418994,val
81369,val
416425,val
184606,val
262980,val
76469,val
174105,val
154033,val
79703,val
128705,val
349396,val
383700,val
255223,val
59304,val
247276,val
5315,val
77309,val
356490,val
38381,val
23923,val
10885,val
30942,val
195219,val
118946,val
255659,val
374975,val
28587,val
30838,val
93363,val
398461,val
72882,val
237698,val
29441,val
189420,val
140638,val
56565,val
42342,val
29713,val
84063,val
242687,val
6730,val
77466,val
60475,val
87778,val
61516,val
86447,val
38969,val
15555,val
79236,val
150591,val
419112,val
193596,val
218418,val
361167,val
102508,val
39181,val
112741,val
61637,val
50332,val
33691,val
8763,val
105581,val
146676,val
374069,val
242558,val
259977,val
92367,val
37346,val
212108,val
58604,val
69813,val
402649,val
154288,val
79045,val
262957,val
365103,val
4244,val
374505,val
82267,val
327677,val
54253,val
109897,val
316908,val
99232,val
394327,val
82177,val
222222,val
18448,val
210734,val
146624,val
196033,val
13361,val
137540,val
92934,val
10594,val
110359,val
135859,val
196010,val
484436,val
83873,val
60900,val
151281,val
336994,val
154065,val
3800,val
7939,val
11629,val
148611,val
386033,val
239077,val
244332,val
247060,val
53871,val
148486,val
320456,val
156794,val
105966,val
67647,val
153649,val
373569,val
63682,val
399048,val
358228,val
171248,val
127162,val
144260,val
112270,val
109622,val
14034,val
382879,val
77710,val
383975,val
5187,val
23475,val
107711,val
195862,val
152172,val
328761,val
106789,val
29453,val
77912,val
13713,val
46,val
188940,val
398407,val
246839,val
93334,val
173193,val
413244,val
180661,val
321200,val
160376,val
143803,val
170549,val
83,val
148597,val
66104,val
187090,val
173080,val
270469,val
102113,val
199150,val
14333,val
369358,val
26548,val
76097,val
277721,val
104634,val
62516,val
10495,val
148427,val
76449,val
343418,val
205826,val
80190,val
201002,val
23077,val
397010,val
15921,val
383671,val
73453,val
9548,val
46060,val
50424,val
57496,val
494956,val
34648,val
383547,val
329760,val
173756,val
142905,val
189743,val
69307,val
54388,val
94402,val
28614,val
146569,val
371971,val
421025,val
214194,val
46748,val
213160,val
108443,val
202019,val
343945,val
96780,val
141188,val
28613,val
28856,val
393461,val
133165,val
66598,val
332498,val
373283,val
84681,val
236522,val
354187,val
262976,val
173888,val
382543,val
31942,val
81990,val
149180,val
143251,val
86934,val
380514,val
20457,val
58059,val
58507,val
84100,val
39517,val
326978,val
153977,val
396758,val
107163,val
420269,val
105406,val
474941,val
67644,val
98195,val
163728,val
334540,val
354393,val
218877,val
860,val
336586,val
81029,val
325461,val
152370,val
132812,val
38217,val
173195,val
5151,val
50272,val
50775,val
234035,val
76497,val
16625,val
247129,val
119113,val
399351,val
143703,val
372663,val
66131,val
192653,val
187266,val
40899,val
126042,val
429857,val
209620,val
19217,val
152852,val
374710,val
119310,val
66884,val
333509,val
11826,val
59310,val
358760,val
38388,val
136304,val
113128,val
214589,val
133230,val
91748,val
372739,val
178560,val
84084,val
373602,val
128419,val
148401,val
186340,val
58034,val
19761,val
223002,val
193480,val
91629,val
160910,val
341199,val
86141,val
249715,val
28649,val
374856,val
119317,val
137898,val
424402,val
193974,val
214485,val
376036,val
87952,val
402095,val
160306,val
152728,val
356441,val
91610,val
335971,val
26661,val
11027,val
247511,val
44650,val
388056,val
326243,val
465759,val
3452,val
41678,val
200926,val
5153,val
50912,val
13853,val
76169,val
236525,val
232626,val
201183,val
123813,val
148252,val
116388,val
67739,val
183055,val
93964,val
75024,val
49474,val
429057,val
73103,val
155899,val
184490,val
239202,val
150968,val
130709,val
146554,val
115929,val
74364,val
73514,val
358168,val
61741,val
328660,val
128833,val
164057,val
98382,val
419005,val
171194,val
14227,val
68904,val
58622,val
46295,val
31345,val
107734,val
199173,val
270130,val
258038,val
427795,val
93309,val
86653,val
136947,val
148547,val
268143,val
4285,val
146642,val
193635,val
434108,val
152418,val
357323,val
354376,val
29217,val
67337,val
19822,val
347315,val
420266,val
371570,val
242717,val
2733,val
414030,val
72877,val
78665,val
247882,val
321768,val
5265,val
336784,val
160242,val
79264,val
19799,val
423473,val
356790,val
357476,val
354892,val
214565,val
184636,val
153944,val
4053,val
222878,val
373915,val
132805,val
65266,val
335951,val
397434,val
55993,val
459778,val
191920,val
135844,val
245639,val
343947,val
276142,val
20188,val
94637,val
402711,val
263036,val
236342,val
110381,val
86435,val
41793,val
22099,val
382833,val
162257,val
73257,val
137576,val
465780,val
131016,val
240856,val
156740,val
243780,val
235114,val
12760,val
354341,val
358167,val
187006,val
247019,val
58503,val
39202,val
217543,val
96784,val
142099,val
157453,val
32867,val
155639,val
355115,val
371913,val
115085,val
169385,val
114507,val
146867,val
97378,val
235126,val
1198,val
191913,val
61716,val
149942,val
1821,val
54465,val
477028,val
58673,val
117894,val
81652,val
220593,val
148544,val
63467,val
246947,val
248386,val
360794,val
379017,val
75707,val
92822,val
362310,val
54328,val
352654,val
359700,val
374907,val
247250,val
382335,val
355211,val
92946,val
316572,val
354229,val
256414,val
117566,val
196168,val
167550,val
377264,val
228752,val
26969,val
9544,val
343939,val
387760,val
199731,val
146771,val
53292,val
148535,val
248444,val
56979,val
100347,val
414615,val
12920,val
137701,val
360790,val
142799,val
153502,val
240980,val
22775,val
358165,val
44910,val
36129,val
69961,val
87259,val
111033,val
241526,val
116617,val
177252,val
142471,val
83483,val
105475,val
371619,val
92846,val
42352,val
2723,val
171200,val
222213,val
85821,val
37224,val
433960,val
361222,val
248944,val
48567,val
373868,val
132802,val
373333,val
345055,val
92969,val
359724,val
420464,val
201025,val
93710,val
148440,val
354736,val
162685,val
151384,val
125717,val
427812,val
136666,val
211676,val
70827,val
172364,val
40499,val
99723,val
115073,val
359799,val
105276,val
489483,val
382950,val
152435,val
276574,val
380391,val
28831,val
381192,val
476986,val
48315,val
154730,val
142530,val
10723,val
211096,val
168484,val
146623,val
354038,val
35010,val
358657,val
23859,val
80502,val
41134,val
182991,val
31295,val
73712,val
24314,val
348392,val
189386,val
145544,val
109745,val
108509,val
395301,val
236562,val
12871,val
382544,val
59455,val
356460,val
155423,val
374735,val
105297,val
15749,val
141167,val
92381,val
423119,val
84083,val
413833,val
25693,val
148408,val
102103,val
147164,val
403574,val
95956,val
189413,val
80,val
241574,val
33903,val
187340,val
120675,val
362197,val
154295,val
407010,val
148406,val
231642,val
29193,val
44276,val
386254,val
236487,val
107739,val
432398,val
249791,val
137569,val
236636,val
148757,val
3177,val
8745,val
389640,val
343935,val
367826,val
1986,val
68666,val
96991,val
302493,val
44357,val
373990,val
77299,val
52896,val
61779,val
22951,val
89318,val
88300,val
117001,val
153726,val
10504,val
194460,val
155222,val
13364,val
33791,val
277593,val
102864,val
211903,val
96607,val
102849,val
83521,val
92963,val
203917,val
58231,val
52880,val
90621,val
156718,val
146517,val
50316,val
373193,val
106439,val
132860,val
163450,val
148524,val
9660,val
156363,val
148499,val
102007,val
86443,val
86406,val
54979,val
84867,val
174722,val
5694,val
237202,val
16430,val
21057,val
115440,val
6848,val
328905,val
26567,val
108806,val
354220,val
247766,val
91762,val
36044,val
216009,val
93889,val
66785,val
53564,val
65604,val
72287,val
41087,val
59460,val
203377,val
59458,val
254621,val
371602,val
52268,val
252490,val
359446,val
173880,val
198394,val
414260,val
45638,val
413742,val
125344,val
16200,val
359334,val
350439,val
83494,val
327550,val
23306,val
396225,val
55731,val
432875,val
43983,val
148598,val
355909,val
81909,val
358213,val
128702,val
357663,val
358306,val
48719,val
327661,val
102104,val
236505,val
57197,val
104597,val
48313,val
348385,val
357333,val
188691,val
136401,val
68438,val
157240,val
146578,val
5108,val
38612,val
109115,val
81942,val
182969,val
6305,val
122299,val
115526,val
200887,val
142711,val
144225,val
151800,val
28601,val
70374,val
8541,val
374105,val
261413,val
27447,val
73099,val
148477,val
366335,val
41691,val
11899,val
166345,val
12834,val
60775,val
151544,val
142294,val
28726,val
167179,val
16636,val
140829,val
106883,val
374737,val
57029,val
254310,val
327133,val
78003,val
147921,val
58665,val
391494,val
100360,val
222648,val
359680,val
26948,val
101331,val
383557,val
60800,val
39012,val
368347,val
128829,val
395124,val
61719,val
37241,val
326647,val
168747,val
109913,val
72891,val
16218,val
108358,val
29530,val
104484,val
61773,val
23756,val
127113,val
356584,val
33694,val
372608,val
22873,val
116926,val
92345,val
150410,val
63585,val
355832,val
355760,val
184617,val
247075,val
59765,val
343741,val
232176,val
116356,val
60905,val
39207,val
213582,val
362503,val
418758,val
69,val
110602,val
241830,val
11980,val
28977,val
65889,val
2528,val
331365,val
256423,val
252548,val
141184,val
61738,val
96110,val
166716,val
373995,val
137596,val
408487,val
334538,val
50180,val
148557,val
200407,val
458030,val
425230,val
161317,val
123720,val
64607,val
387785,val
71622,val
115826,val
142011,val
63586,val
143467,val
355114,val
154100,val
235166,val
213945,val
491167,val
93299,val
40387,val
240674,val
168307,val
421723,val
61785,val
87051,val
200631,val
373204,val
325215,val
161358,val
407723,val
142757,val
251172,val
390700,val
369321,val
50917,val
83437,val
142652,val
351168,val
28870,val
92363,val
105459,val
145653,val
100007,val
139820,val
8687,val
165113,val
51900,val
406848,val
405435,val
150113,val
334100,val
31817,val
98645,val
330751,val
249008,val
85272,val
247517,val
387927,val
89331,val
34140,val
164175,val
326175,val
80203,val
173763,val
38104,val
26944,val
28862,val
125071,val
107737,val
125557,val
357412,val
80210,val
202302,val
34587,val
181522,val
146653,val
239058,val
12712,val
98646,val
373655,val
173740,val
111784,val
89131,val
232499,val
72269,val
185755,test
76539,test
155747,test
24840,test
153941,test
70306,test
187210,test
55996,test
392839,test
142692,test
242647,test
276308,test
353039,test
344396,test
68671,test
88870,test
241528,test
45610,test
386219,test
360802,test
232274,test
244054,test
75628,test
147948,test
126759,test
417846,test
74514,test
223720,test
316911,test
102407,test
358656,test
20761,test
148275,test
126851,test
209413,test
247929,test
265290,test
246946,test
247913,test
107123,test
142843,test
10592,test
129427,test
56697,test
464388,test
34329,test
128841,test
76461,test
340298,test
156754,test
343896,test
142817,test
117663,test
333862,test
133097,test
220539,test
63796,test
154307,test
374935,test
5105,test
176086,test
41600,test
29160,test
165385,test
97223,test
192178,test
369908,test
133105,test
48161,test
219401,test
214617,test
240008,test
61721,test
4770,test
144982,test
171077,test
195579,test
408708,test
374057,test
18486,test
196061,test
215999,test
23563,test
182569,test
71046,test
241925,test
209044,test
114117,test
187595,test
99977,test
142870,test
16844,test
58160,test
14321,test
372708,test
177257,test
38639,test
87963,test
187093,test
101412,test
25069,test
236571,test
412191,test
246881,test
236457,test
16436,test
137837,test
109883,test
5775,test
355312,test
63220,test
240230,test
3913,test
150854,test
241477,test
67861,test
108042,test
396074,test
41076,test
64876,test
15254,test
38423,test
152074,test
248009,test
58079,test
174776,test
107725,test
424785,test
233068,test
335347,test
98449,test
80717,test
177811,test
125272,test
5520,test
427134,test
343680,test
247893,test
92970,test
354985,test
73188,test
70098,test
26539,test
86420,test
123399,test
386203,test
51703,test
172440,test
147925,test
93453,test
92392,test
10729,test
343969,test
153657,test
343928,test
64743,test
13050,test
214623,test
67199,test
410642,test
334588,test
27927,test
161235,test
372631,test
391842,test
156602,test
13856,test
154097,test
119385,test
58063,test
217740,test
164367,test
111032,test
124720,test
146217,test
164385,test
326721,test
9663,test
96458,test
246113,test
32582,test
85721,test
152689,test
325696,test
194872,test
20695,test
341189,test
151611,test
156832,test
25704,test
59890,test
15903,test
36231,test
13594,test
187147,test
26588,test
38628,test
90259,test
19749,test
23076,test
15395,test
183636,test
89124,test
3329,test
151861,test
236508,test
202301,test
128996,test
166050,test
21560,test
417826,test
57446,test
171349,test
156716,test
111650,test
40455,test
4270,test
25607,test
261585,test
145486,test
477115,test
388423,test
105481,test
361564,test
2438,test
41744,test
236617,test
253598,test
243944,test
180920,test
24243,test
21245,test
324338,test
104212,test
214622,test
386303,test
153601,test
412556,test
24507,test
102390,test
96090,test
349263,test
49898,test
44124,test
13323,test
23567,test
237682,test
166171,test
260246,test
148536,test
157514,test
127360,test
361278,test
358163,test
56154,test
10549,test
138902,test
5146,test
48510,test
82698,test
247395,test
3896,test
354694,test
109871,test
246732,test
44969,test
136048,test
36871,test
184739,test
68722,test
253532,test
404368,test
40058,test
155285,test
153876,test
118379,test
57458,test
92890,test
50254,test
189359,test
48703,test
39147,test
92949,test
76650,test
58858,test
173795,test
46684,test
101676,test
406067,test
10785,test
174030,test
41568,test
359788,test
150946,test
41361,test
423748,test
167064,test
169544,test
366455,test
288930,test
5663,test
168157,test
196930,test
149763,test
199154,test
379757,test
11073,test
137979,test
36764,test
388407,test
382857,test
29364,test
146254,test
347322,test
114073,test
189360,test
56875,test
20786,test
70375,test
182789,test
366676,test
105958,test
137648,test
96980,test
187934,test
152548,test
8157,test
28570,test
67750,test
106352,test
165265,test
182965,test
37943,test
223294,test
24833,test
348386,test
142880,test
50505,test
74820,test
57425,test
247374,test
64279,test
257553,test
200712,test
41068,test
382222,test
164656,test
118899,test
38368,test
86675,test
380400,test
32423,test
125579,test
182356,test
354841,test
150030,test
116228,test
18966,test
9923,test
162103,test
13904,test
359185,test
168514,test
55093,test
354103,test
380753,test
80683,test
373004,test
401987,test
69432,test
44962,test
70383,test
128005,test
4227,test
117496,test
90738,test
201009,test
160538,test
346492,test
15916,test
73735,test
439994,test
79771,test
26898,test
48989,test
417452,test
43244,test
80672,test
160539,test
166101,test
78804,test
6059,test
211503,test
71190,test
474943,test
61580,test
321133,test
21665,test
152566,test
82322,test
367302,test
246871,test
54458,test
100861,test
143393,test
114429,test
97150,test
8380,test
477507,test
174168,test
149252,test
108157,test
82671,test
189237,test
347862,test
474938,test
31376,test
196068,test
114100,test
61285,test
245410,test
236291,test
327035,test
8797,test
220590,test
156744,test
15566,test
96814,test
111737,test
264097,test
276669,test
350109,test
71914,test
17943,test
126554,test
354581,test
38582,test
150534,test
241742,test
357428,test
22706,test
134747,test
394866,test
144823,test
68653,test
27232,test
434034,test
102378,test
177227,test
6043,test
154339,test
28563,test
13923,test
242561,test
110624,test
274052,test
243798,test
208905,test
15265,test
105578,test
88957,test
155120,test
101314,test
128104,test
189947,test
74377,test
386126,test
247491,test
10419,test
25424,test
84067,test
11676,test
136992,test
107608,test
45280,test
239466,test
64613,test
191898,test
86764,test
441163,test
105473,test
261194,test
93345,test
154075,test
355172,test
315852,test
105083,test
183710,test
275008,test
9206,test
66876,test
8685,test
64194,test
26729,test
13481,test
172923,test
137640,test
368508,test
142645,test
243553,test
84022,test
99228,test
108134,test
91112,test
388512,test
55319,test
183625,test
335022,test
402614,test
169283,test
32873,test
356930,test
401138,test
146690,test
39920,test
234090,test
235048,test
270706,test
233808,test
320748,test
39197,test
78628,test
221725,test
135718,test
101374,test
9190,test
372045,test
1911,test
11563,test
107713,test
137583,test
38646,test
88898,test
86471,test
79634,test
5798,test
246609,test
400734,test
70950,test
105225,test
127605,test
82933,test
1389,test
118210,test
250853,test
356477,test
355162,test
365969,test
42360,test
13533,test
44170,test
424104,test
66631,test
48154,test
395413,test
337126,test
50511,test
194535,test
104984,test
399583,test
247513,test
135537,test
151740,test
162224,test
360034,test
379507,test
187002,test
102705,test
69654,test
28981,test
358240,test
170623,test
112188,test
162350,test
248298,test
413622,test
59053,test
52436,test
95387,test
94823,test
121457,test
403071,test
108155,test
11776,test
345556,test
42266,test
236419,test
105274,test
151088,test
174627,test
102380,test
257094,test
179263,test
274000,test
417755,test
45946,test
375548,test
247944,test
82003,test
316029,test
147867,test
357128,test
324122,test
373973,test
222204,test
211540,test
37315,test
76715,test
11689,test
21368,test
132579,test
78791,test
275009,test
169317,test
372850,test
18273,test
64238,test
109903,test
27491,test
68718,test
477025,test
13085,test
336798,test
241497,test
395593,test
389214,test
127639,test
316602,test
29438,test
35239,test
417608,test
76593,test
14785,test
421874,test
170320,test
109635,test
165998,test
94742,test
177137,test
276072,test
386179,test
244331,test
191411,test
86427,test
101421,test
114445,test
95616,test
113580,test
137661,test
113284,test
183718,test
41762,test
354688,test
494701,test
214729,test
243630,test
78868,test
216754,test
15957,test
427699,test
8753,test
68688,test
244968,test
93406,test
377065,test
18054,test
112289,test
72303,test
176883,test
373982,test
133503,test
164828,test
10481,test
354205,test
41664,test
48995,test
87954,test
82810,test
42813,test
4073,test
153246,test
315648,test
187791,test
339650,test
994,test
10418,test
160263,test
163018,test
374108,test
373898,test
142845,test
249073,test
2636,test
382250,test
33895,test
377774,test
61224,test
238662,test
77280,test
231462,test
191609,test
169623,test
72230,test
98876,test
118585,test
29961,test
316646,test
98019,test
106445,test
251145,test
155223,test
39875,test
249132,test
222317,test
148244,test
390706,test
119094,test
207487,test
151446,test
276113,test
315935,test
149988,test
401817,test
47668,test
15123,test
255812,test
31647,test
157819,test
101313,test
54213,test
50785,test
23072,test
328643,test
154237,test
76726,test
65946,test
38592,test
75099,test
52786,test
265544,test
169800,test
354279,test
365569,test
50266,test
372236,test
15833,test
119307,test
10525,test
200039,test
113270,test
26559,test
360673,test
164183,test
166386,test
51552,test
171184,test
354696,test
357210,test
93868,test
150363,test
29124,test
99243,test
352379,test
39915,test
39550,test
374184,test
341070,test
3247,test
375999,test
233715,test
86458,test
239581,test
236392,test
61768,test
80714,test
247182,test
13464,test
111657,test
36325,test
80818,test
37358,test
119674,test
10503,test
3815,test
165616,test
96545,test
127629,test
38665,test
121605,test
341200,test
276056,test
90920,test
63395,test
122789,test
82283,test
10992,test
419274,test
173754,test
247551,test
24814,test
97836,test
253603,test
3465,test
98211,test
107728,test
105627,test
360484,test
91925,test
152853,test
370732,test
21117,test
18557,test
45464,test
373298,test
28314,test
17507,test
74391,test
58174,test
36122,test
359743,test
153842,test
26561,test
16389,test
336891,test
209772,test
211902,test
221614,test
176282,test
140825,test
89552,test
37592,test
245268,test
5649,test
113579,test
46697,test
157770,test
11603,test
82784,test
402020,test
215935,test
32550,test
40271,test
61856,test
265677,test
17737,test
116893,test
68409,test
97644,test
239860,test
45583,test
75228,test
373613,test
72333,test
67341,test
50322,test
127121,test
220817,test
17902,test
232634,test
151718,test
29414,test
60837,test
233205,test
20021,test
148814,test
164085,test
171608,test
91761,test
157491,test
54123,test
22906,test
236370,test
61985,test
132807,test
44655,test
247247,test
239237,test
348830,test
412543,test
124429,test
96840,test
64185,test
16835,test
115496,test
216388,test
184483,test
358077,test
33927,test
22686,test
123040,test
72883,test
102839,test
35944,test
302515,test
153411,test
59043,test
75978,test
104392,test
86344,test
134055,test
373926,test
145409,test
147523,test
214716,test
352681,test
157328,test
354833,test
109620,test
373207,test
38457,test
153588,test
156098,test
364654,test
213453,test
153039,test
29722,test
5581,test
180328,test
86960,test
63232,test
142593,test
238394,test
50171,test
106467,test
378698,test
186394,test
250063,test
26602,test
39206,test
193784,test
125596,test
354196,test
84052,test
136966,test
365007,test
116428,test
132911,test
81574,test
365548,test
68740,test
361910,test
441157,test
60155,test
125243,test
41784,test
72077,test
108877,test
373612,test
207167,test
340926,test
13463,test
120654,test
69811,test
97642,test
136953,test
114330,test
199203,test
14007,test
20017,test
51035,test
71087,test
240804,test
332914,test
96727,test
27054,test
97512,test
235724,test
170563,test
120973,test
91078,test
198251,test
10424,test
340594,test
382023,test
393818,test
117219,test
395241,test
72291,test
383494,test
5680,test
18665,test
86401,test
84031,test
161948,test
41588,test
189508,test
40302,test
33257,test
48589,test
402141,test
156042,test
50274,test
15568,test
109616,test
332000,test
195272,test
380043,test
246687,test
382490,test
150161,test
60781,test
157248,test
251130,test
26600,test
10827,test
428164,test
38395,test
127375,test
22127,test
104029,test
136032,test
374836,test
216763,test
39531,test
349514,test
276948,test
379748,test
203111,test
24601,test
417116,test
156784,test
12002,test
10942,test
178605,test
386358,test
179233,test
58293,test
157436,test
239141,test
50301,test
345133,test
71862,test
1054,test
29825,test
152980,test
86705,test
11257,test
417835,test
127171,test
188477,test
242232,test
336996,test
127625,test
182992,test
34896,test
18593,test
18563,test
114103,test
169810,test
382835,test
387698,test
419738,test
119395,test
51105,test
104783,test
348081,test
58928,test
263078,test
262213,test
357922,test
52419,test
184217,test
34511,test
115088,test
373880,test
64595,test
114136,test
373361,test
158594,test
414805,test
63378,test
248475,test
131239,test
432115,test
33909,test
11768,test
114165,test
133792,test
517,test
143583,test
183082,test
54754,test
32405,test
114430,test
467337,test
195544,test
235103,test
28756,test
2713,test
10086,test
127373,test
474796,test
31259,test
189381,test
64100,test
420264,test
114145,test
372853,test
232929,test
247735,test
67182,test
193966,test
137429,test
11923,test
185999,test
420324,test
156799,test
59457,test
397588,test
54885,test
337818,test
146483,test
276563,test
32765,test
65995,test
6926,test
341609,test
372734,test
236647,test
424110,test
169093,test
86409,test
114106,test
95765,test
22517,test
152912,test
105510,test
107823,test
424392,test
87071,test
158649,test
259173,test
13698,test
10749,test
247907,test
253525,test
157462,test
97033,test
73111,test
156738,test
114135,test
82262,test
8006,test
168875,test
354233,test
47683,test
243799,test
358260,test
48409,test
368376,test
196084,test
418413,test
171046,test
199151,test
65716,test
96802,test
250741,test
150364,test
95743,test
275466,test
250715,test
59615,test
61531,test
39519,test
57995,test
359507,test
239464,test
39983,test
95549,test
54422,test
83815,test
175143,test
396530,test
235119,test
15224,test
247179,test
193670,test
191535,test
27064,test
323459,test
137913,test
359718,test
142806,test
32613,test
420629,test
69546,test
251150,test
17697,test
19199,test
35037,test
17511,test
31738,test
111357,test
320300,test
64815,test
418570,test
378012,test
165229,test
386610,test
386215,test
260933,test
86472,test
21119,test
236641,test
357589,test
164381,test
121567,test
315940,test
15718,test
89338,test
234994,test
329737,test
167753,test
399577,test
48936,test
85172,test
118756,test
45114,test
759,test
70320,test
178565,test
24241,test
3091,test
28970,test
427195,test
214632,test
3165,test
195990,test
104815,test
277264,test
29420,test
73137,test
84564,test
11081,test
18884,test
381358,test
231485,test
337768,test
185365,test
24632,test
161457,test
40985,test
120359,test
127298,test
68448,test
214414,test
156719,test
18929,test
222433,test
132252,test
93850,test
5819,test
156945,test
183347,test
424057,test
373636,test
348864,test
3808,test
139097,test
61756,test
105659,test
120590,test
12872,test
466111,test
411025,test
77244,test
257496,test
348372,test
81325,test
248781,test
157914,test
270762,test
106428,test
38318,test
114072,test
386381,test
188488,test
260388,test
184147,test
368601,test
373676,test
38622,test
405139,test
215749,test
115997,test
145043,test
11938,test
60770,test
356701,test
104607,test
126040,test
3272,test
93874,test
359737,test
61912,test
115505,test
81997,test
137826,test
247975,test
40098,test
239717,test
69559,test
50262,test
239292,test
147133,test
104088,test
30626,test
315922,test
22967,test
105277,test
68662,test
23651,test
431203,test
247899,test
389987,test
91575,test
128740,test
246674,test
328718,test
77743,test
1475,test
98941,test
135639,test
137738,test
50288,test
17603,test
18710,test
248915,test
137683,test
58268,test
60806,test
113623,test
164929,test
324645,test
20192,test
167180,test
195343,test
91073,test
339643,test
37347,test
61871,test
268257,test
235654,test
105626,test
137945,test
76554,test
345399,test
239760,test
36069,test
81278,test
117803,test
368470,test
90358,test
34688,test
138937,test
69381,test
28851,test
252376,test
49096,test
160012,test
137424,test
352716,test
196060,test
147543,test
169678,test
111086,test
107735,test
429052,test
36398,test
146277,test
125372,test
390166,test
86584,test
352740,test
44702,test
341404,test
169094,test
155132,test
7203,test
136952,test
346869,test
15902,test
89925,test
26501,test
14983,test
254617,test
111248,test
237791,test
418905,test
44279,test
145657,test
19013,test
33295,test
29385,test
236622,test
2974,test
103253,test
162935,test
80782,test
72465,test
140031,test
58650,test
247747,test
56416,test
97632,test
324485,test
67833,test
267937,test
91981,test
18450,test
19059,test
74380,test
232861,test
247268,test
113512,test
355233,test
353317,test
361551,test
82814,test
352374,test
55113,test
212392,test
69870,test
381494,test
71241,test
29619,test
177882,test
77,test
1148,test
219766,test
186049,test
337225,test
127366,test
371562,test
51713,test
118627,test
192788,test
100426,test
213852,test
56165,test
20049,test
150754,test
136943,test
46352,test
127272,test
199670,test
85704,test
103136,test
133456,test
55116,test
15222,test
141697,test
354270,test
27407,test
104389,test
247540,test
431190,test
17860,test
3805,test
132989,test
238567,test
148247,test
219112,test
3311,test
398038,test
241921,test
20765,test
108776,test
357872,test
77924,test
30280,test
15160,test
20762,test
377275,test
41365,test
162733,test
93921,test
27555,test
65518,test
180305,test
465781,test
101419,test
83620,test
59260,test
81922,test
360174,test
86957,test
38170,test
39444,test
84413,test
164174,test
42118,test
31659,test
320952,test
399085,test
40829,test
273542,test
41083,test
328287,test
150409,test
374169,test
119279,test
6388,test
120133,test
111250,test
400356,test
58100,test
246374,test
157474,test
360100,test
29119,test
6968,test
50786,test
156783,test
76568,test
200386,test
102422,test
53829,test
374509,test
5682,test
51397,test
113324,test
236386,test
352186,test
30032,test
3167,test
415412,test
45261,test
188781,test
159255,test
172066,test
318647,test
67954,test
48978,test
132811,test
171647,test
81260,test
124700,test
334980,test
242873,test
105800,test
40016,test
26285,test
23062,test
38175,test
269483,test
39934,test
183729,test
24160,test
356000,test
104736,test
65433,test
130416,test
196081,test
17901,test
155008,test
55276,test
156666,test
184696,test
76549,test
149807,test
416303,test
24646,test
57669,test
153608,test
248952,test
108313,test
10935,test
121008,test
204118,test
40823,test
76429,test
126007,test
146714,test
424726,test
233974,test
30031,test
116896,test
156816,test
16667,test
88895,test
29251,test
19159,test
180541,test
183156,test
332314,test
39832,test
330044,test
54808,test
28859,test
13457,test
96030,test
368456,test
128235,test
57696,test
372701,test
28934,test
142826,test
79609,test
418582,test
42137,test
182543,test
70032,test
270689,test
180949,test
102516,test
171016,test
142305,test
11599,test
17609,test
30627,test
352715,test
345134,test
263750,test
29233,test
359005,test
65271,test
40402,test
382536,test
39731,test
38962,test
26946,test
75064,test
77584,test
65934,test
38610,test
68017,test
9056,test
64471,test
371981,test
61707,test
166368,test
171511,test
371908,test
20840,test
348405,test
180173,test
145274,test
29887,test
32589,test
13453,test
146542,test
55009,test
96347,test
22084,test
394071,test
4582,test
246356,test
98231,test
369078,test
173675,test
172453,test
358645,test
374872,test
316648,test
39671,test
82471,test
197223,test
111161,test
405662,test
134965,test
33692,test
81335,test
98779,test
130649,test
90263,test
61042,test
55107,test
375538,test
5684,test
386592,test
172448,test
378289,test
12996,test
141563,test
327002,test
47276,test
246327,test
272237,test
30855,test
377138,test
90442,test
39919,test
249522,test
199230,test
144480,test
354645,test
88935,test
153966,test
41602,test
357390,test
17913,test
140034,test
367836,test
70025,test
50658,test
114356,test
167181,test
164392,test
62833,test
333711,test
138700,test
86880,test
6984,test
86580,test
130474,test
107353,test
45590,test
207129,test
420763,test
185989,test
188065,test
18449,test
45117,test
387781,test
185061,test
125812,test
376926,test
93656,test
43890,test
18755,test
336401,test
386750,test
368265,test
73419,test
33983,test
16098,test
62257,test
151089,test
29278,test
349157,test
4431,test
54113,test
72879,test
390297,test
17693,test
183638,test
51216,test
250260,test
180544,test
46045,test
263153,test
71081,test
38186,test
181357,test
248407,test
59607,test
374538,test
249490,test
53797,test
347925,test
151210,test
36397,test
3316,test
111621,test
14005,test
422814,test
402022,test
60795,test
408562,test
62459,test
413209,test
93396,test
213032,test
358296,test
196076,test
152240,test
105633,test
28251,test
239746,test
17691,test
8863,test
458041,test
26456,test
169131,test
105434,test
153501,test
126762,test
110392,test
56001,test
59445,test
188903,test
319148,test
236553,test
156741,test
135185,test
357979,test
142697,test
103029,test
146274,test
36875,test
78846,test
2750,test
348889,test
236606,test
86678,test
213898,test
13846,test
236324,test
153136,test
62748,test
3853,test
366171,test
148606,test
73480,test
246693,test
69160,test
62628,test
246924,test
192172,test
85814,test
236555,test
85809,test
402143,test
262398,test
40004,test
675,test
117217,test
61395,test
55927,test
29288,test
150465,test
154057,test
41742,test
253534,test
33640,test
29074,test
322603,test
200974,test
323709,test
359328,test
350360,test
173637,test
14056,test
105561,test
354503,test
140525,test
39081,test
183665,test
336564,test
337723,test
328813,test
420305,test
12765,test
41091,test
73101,test
274892,test
350448,test
36504,test
17092,test
377112,test
182977,test
16834,test
270726,test
146616,test
159008,test
423148,test
383551,test
167269,test
234987,test
125429,test
328288,test
256488,test
148551,test
374548,test
86459,test
164182,test
105452,test
165785,test
44530,test
110694,test
420315,test
183040,test
379144,test
34594,test
32836,test
171119,test
466684,test
107732,test
50709,test
63904,test
185150,test
146707,test
357300,test
357746,test
372336,test
52053,test
200155,test
1028,test
24809,test
245072,test
160005,test
379013,test
3202,test
642,test
353187,test
353483,test
50481,test
166150,test
342542,test
76220,test
174437,test
92109,test
251046,test
358320,test
262237,test
105922,test
373972,test
102953,test
333756,test
41702,test
350451,test
77757,test
6505,test
336786,test
31605,test
38879,test
72453,test
65267,test
28630,test
40898,test
199873,test
97349,test
69698,test
57395,test
302517,test
47677,test
209801,test
99555,test
252424,test
11570,test
29178,test
30045,test
74318,test
105878,test
8060,test
373222,test
117124,test
116750,test
57510,test
418784,test
83530,test
362916,test
261597,test
348878,test
199491,test
91404,test
127119,test
239594,test
76607,test
121065,test
154790,test
351324,test
87656,test
86748,test
91438,test
38614,test
41302,test
164770,test
88573,test
302511,test
140653,test
247130,test
126392,test
106437,test
33564,test
50246,test
382998,test
144339,test
362333,test
200809,test
48085,test
156770,test
176132,test
241550,test
262978,test
236579,test
215937,test
50656,test
86405,test
61058,test
256880,test
222597,test
331907,test
240760,test
132817,test
50165,test
109907,test
343940,test
369419,test
62378,test
80836,test
276469,test
10130,test
408642,test
353104,test
343954,test
250550,test
45112,test
74794,test
348142,test
388857,test
86451,test
107808,test
83484,test
114162,test
58826,test
36402,test
31569,test
156798,test
113169,test
50255,test
114169,test
66333,test
103028,test
92368,test
343094,test
328049,test
213291,test
241512,test
332303,test
41741,test
254386,test
432874,test
66147,test
416545,test
17944,test
89320,test
147138,test
58998,test
26926,test
236355,test
236580,test
400742,test
70,test
381944,test
94750,test
112984,test
79598,test
156709,test
84718,test
95775,test
241476,test
236423,test
277597,test
80663,test
316869,test
107718,test
115562,test
89296,test
237984,test
217736,test
223273,test
23497,test
102106,test
196075,test
61752,test
56384,test
99633,test
141990,test
39058,test
196117,test
62166,test
158435,test
75057,test
59444,test
170599,test
158627,test
60773,test
44476,test
86642,test
161996,test
108285,test
75056,test
184416,test
162578,test
144326,test
165491,test
169944,test
170587,test
25314,test
44225,test
221567,test
237352,test
127288,test
108355,test
102097,test
33314,test
32499,test
84524,test
32498,test
156196,test
132111,test
144338,test
257812,test
157739,test
132031,test
430046,test
128050,test
393402,test
340361,test
170342,test
60808,test
80398,test
20384,test
32864,test
191925,test
395123,test
324323,test
245523,test
19345,test
166203,test
339990,test
59448,test
74543,test
7265,test
448220,test
148496,test
245068,test
148599,test
92159,test
65721,test
39188,test
236309,test
319738,test
266747,test
15153,test
32017,test
382505,test
28621,test
65758,test
269557,test
252631,test
328545,test
62271,test
333765,test
333753,test
373689,test
382435,test
251886,test
28608,test
382485,test
23865,test
431355,test
77140,test
474400,test
321157,test
382455,test
148523,test
373733,test
74994,test
321160,test
373736,test
23867,test
148573,test
91410,test
65650,test
28622,test
89118,test
28602,test
346956,test
89665,test
89127,test
416435,test
373734,test
148426,test
316010,test
148579,test
28616,test
148593,test
28565,test
148521,test
148530,test
148561,test
148550,test
28555,test
89129,test
89126,test
148594,test
91415,test
148437,test
28627,test
89670,test
50069,test
143947,test
92142,test
148526,test
28582,test
253250,test
92151,test
50067,test
